{
    "fid": 0.45185384154319763,
    "is_mean": 3.8263847827911377,
    "is_std": 0.21990421414375305
}