{
    "fid": 0.45185384154319763,
    "is_mean": 3.8187294006347656,
    "is_std": 0.33968499302864075,
    "sw_fid": 0.6266075372695923,
    "sw_is_mean": 3.157550811767578,
    "sw_is_std": 0.5495054721832275
}